<?xml version="1.0"?>
<projectProfile type="default" version="1.12.3">
  <projectDirectory>
    <projectProfileFile filesystemName=".zfproject.xml"/>
    <applicationDirectory classNamePrefix="Application_">
      <configsDirectory>
        <applicationConfigFile type="ini"/>
      </configsDirectory>
      <controllersDirectory>
        <controllerFile controllerName="Index">
          <actionMethod actionName="index"/>
        </controllerFile>
        <controllerFile controllerName="Error"/>
        <controllerFile controllerName="Auth">
          <actionMethod actionName="index"/>
          <actionMethod actionName="login"/>
          <actionMethod actionName="logout"/>
          <actionMethod actionName="register"/>
        </controllerFile>
        <controllerFile controllerName="UpdateDb">
          <actionMethod actionName="index"/>
        </controllerFile>
        <controllerFile controllerName="Report">
          <actionMethod actionName="index"/>
        </controllerFile>
        <controllerFile controllerName="User">
          <actionMethod actionName="index"/>
          <actionMethod actionName="register"/>
          <actionMethod actionName="delete"/>
          <actionMethod actionName="changePassword"/>
        </controllerFile>
      </controllersDirectory>
      <formsDirectory>
        <formFile formName="LoginForm"/>
        <formFile formName="UpdateDbForm"/>
        <formFile formName="ReportForm"/>
        <formFile formName="Register"/>
      </formsDirectory>
      <layoutsDirectory>
        <layoutScriptsDirectory>
          <layoutScriptFile layoutName="layout"/>
        </layoutScriptsDirectory>
      </layoutsDirectory>
      <modelsDirectory>
        <modelFile modelName="UpdateDb"/>
      </modelsDirectory>
      <modulesDirectory enabled="false"/>
      <servicesDirectory enabled="false"/>
      <viewsDirectory>
        <viewScriptsDirectory>
          <viewControllerScriptsDirectory forControllerName="Index">
            <viewScriptFile forActionName="index"/>
          </viewControllerScriptsDirectory>
          <viewControllerScriptsDirectory forControllerName="Error">
            <viewScriptFile forActionName="error"/>
          </viewControllerScriptsDirectory>
          <viewControllerScriptsDirectory forControllerName="Auth">
            <viewScriptFile forActionName="index"/>
          </viewControllerScriptsDirectory>
          <viewControllerScriptsDirectory forControllerName="Auth">
            <viewScriptFile forActionName="login"/>
          </viewControllerScriptsDirectory>
          <viewControllerScriptsDirectory forControllerName="Auth">
            <viewScriptFile forActionName="logout"/>
          </viewControllerScriptsDirectory>
          <viewControllerScriptsDirectory forControllerName="Auth">
            <viewScriptFile forActionName="register"/>
          </viewControllerScriptsDirectory>
          <viewControllerScriptsDirectory forControllerName="UpdateDb">
            <viewScriptFile forActionName="index"/>
          </viewControllerScriptsDirectory>
          <viewControllerScriptsDirectory forControllerName="Report">
            <viewScriptFile forActionName="index"/>
          </viewControllerScriptsDirectory>
          <viewControllerScriptsDirectory forControllerName="User">
            <viewScriptFile forActionName="index"/>
          </viewControllerScriptsDirectory>
          <viewControllerScriptsDirectory forControllerName="User">
            <viewScriptFile forActionName="register"/>
          </viewControllerScriptsDirectory>
          <viewControllerScriptsDirectory forControllerName="User">
            <viewScriptFile forActionName="delete"/>
          </viewControllerScriptsDirectory>
          <viewControllerScriptsDirectory forControllerName="User">
            <viewScriptFile forActionName="changePassword"/>
          </viewControllerScriptsDirectory>
        </viewScriptsDirectory>
        <viewHelpersDirectory/>
        <viewFiltersDirectory enabled="false"/>
      </viewsDirectory>
      <bootstrapFile filesystemName="Bootstrap.php"/>
    </applicationDirectory>
    <dataDirectory enabled="false">
      <cacheDirectory enabled="false"/>
      <searchIndexesDirectory enabled="false"/>
      <localesDirectory enabled="false"/>
      <logsDirectory enabled="false"/>
      <sessionsDirectory enabled="false"/>
      <uploadsDirectory enabled="false"/>
    </dataDirectory>
    <docsDirectory>
      <file filesystemName="README.txt"/>
    </docsDirectory>
    <libraryDirectory>
      <zfStandardLibraryDirectory enabled="false"/>
    </libraryDirectory>
    <publicDirectory>
      <publicStylesheetsDirectory enabled="false"/>
      <publicScriptsDirectory enabled="false"/>
      <publicImagesDirectory enabled="false"/>
      <publicIndexFile filesystemName="index.php"/>
      <htaccessFile filesystemName=".htaccess"/>
    </publicDirectory>
    <projectProvidersDirectory enabled="false"/>
    <temporaryDirectory enabled="false"/>
    <testsDirectory>
      <testPHPUnitConfigFile filesystemName="phpunit.xml"/>
      <testPHPUnitBootstrapFile filesystemName="bootstrap.php"/>
      <testApplicationDirectory>
        <testApplicationControllerDirectory>
          <testApplicationControllerFile forControllerName="Index"/>
        </testApplicationControllerDirectory>
      </testApplicationDirectory>
      <testLibraryDirectory/>
    </testsDirectory>
  </projectDirectory>
</projectProfile>
